ID тендера,Ссылка на тендер,Наименование услуг,Способ проведения закупки,ЭТП,Комиссия ЭТП,Регион,Обеспечение заявки,Обеспечение контракта,Способ обеспечения исполнения,Срок подачи заявки до,НМЦК,Количество,Цена предложения,Возможности экономии,Решение по участию,Расчёты,Комментарий от ИИ-агента,Рекомендации,Комментарии руководителя отдела по участию,Дата заключения контракта,Дата выполнения работ,Результат
32616394354,https://zakupki.gov.ru/epz/order/notice/notice223/common-info.html?regNumber=32616394354,"Оказание услуг по инструментальным замерам воздуха рабочей зоны в помещениях, где проводятся работы с ПБА, для контроля параметров после проведения дезинфекционных мероприятий  для нужд ФГБУ «ВНИИЗЖ» ( г. Владимир)",223-ФЗ,zakupki.gov.ru,0 ₽,Владимирская область,Не требуется,Не требуется,Не требуется,28.09.2026,"1 072 437,80",2144,"10 000,00",,не рекомендуется,"ПЛК (Производственный контроль)
Точек замеров: ? (из ТЗ)
База (замеры): 0₽
Материалы: 0₽
Доставка: 0₽
Транспорт: 0₽ (1 адрес или нет данных)

Себестоимость: 0₽
Маржа: 0.0%
Цена: 10,000₽
[WARN] Факторы вне аккредитации: радиац, бактери (cannot_measure) | Мин. цена по ТЗ: 10,000₽. | Нарушения лимитов: Цена предложения 0₽ < min_contract_sum=10,000₽","Анализ тендера типа «plk»

Расчётная себестоимость: 0 ₽
Рекомендуемая цена: 10,000 ₽
Маржа: 0.0%

Определение типа: title_heuristic (heuristic)

Глобальные затраты:
  • Нагрузка специалиста: 300 ₽
  • Срок < 5 дней: +50% к накладным

[WARN] Нарушения глобальных лимитов:
  • Цена предложения 0₽ < min_contract_sum=10,000₽

[WARN] Факторы вне аккредитации: радиац, бактери (cannot_measure) | Мин. цена по ТЗ: 10,000₽. | Нарушения лимитов: Цена предложения 0₽ < min_contract_sum=10,000₽","Тип: plk | Себестоимость: 0 ₽ | Рекомендуемая цена: 10,000 ₽ | Маржа: 0.0% | Риск: [HIGH]",,,,
0813500000126017713,https://zakupki.gov.ru/epz/order/notice/ea20/view/common-info.html?regNumber=0813500000126017713,зз-0016-37205 - 2026 Оказание услуг по определению оптимальных показателей для выполнения задач,44-ФЗ,АГЗ РТ,0 ₽,Удмуртская Респ,Не требуется,5.0%,"Обеспечение исполнения контракта предоставляется по выбору участника закупки одним из следующих способов: путем внесения денежных средств по реквизитам, указанным в разделе извещения ""Обеспечение испо",28.09.2026,"298 085,00",425,"390 725,92",,не рекомендуется,"ОПР (Оценка проф. рисков)
Должностей: ? (из ТЗ)
База (работы): 298,000₽
Материалы: 58₽
Доставка: 1,000₽

Себестоимость: 301,008₽
Маржа: 29.8%
Цена: 390,726₽
[WARN] Себестоимость/НМЦК = 101.0% превышает лимит 90%. РИСК: цена завышена. | Нарушения лимитов: cost_price/НМЦК = 101.0% превышает лимит 90%","Анализ тендера типа «opr»

Расчётная себестоимость: 301,008 ₽
Рекомендуемая цена: 390,726 ₽
Маржа: 29.8%

Определение типа: title_heuristic (heuristic)

Глобальные затраты:
  • Обеспечение контракта (БГ): 1,000 ₽
  • Нагрузка специалиста: 300 ₽
  • Срок < 5 дней: +50% к накладным

  • Базовая себестоимость: 299,058 ₽
  • Global costs: 1,950 ₽

[WARN] Нарушения глобальных лимитов:
  • cost_price/НМЦК = 101.0% превышает лимит 90%

[WARN] Себестоимость/НМЦК = 101.0% превышает лимит 90%. РИСК: цена завышена. | Нарушения лимитов: cost_price/НМЦК = 101.0% превышает лимит 90%","Тип: opr | Себестоимость: 301,008 ₽ | Рекомендуемая цена: 390,726 ₽ | Маржа: 29.8% | Риск: [HIGH]",,,,
0375200028126000224,https://zakupki.gov.ru/epz/order/notice/ea20/view/common-info.html?regNumber=0375200028126000224,Оказание услуг по проведению специальной оценки условий труда,44-ФЗ,РОСЭЛТОРГ (АО«ЕЭТП»),"3,526 ₽",Крым Респ,Не требуется,5.0%,В соответствии с действующим законодательством о контрактной системе,28.09.2026,"352 590,00",511,"851 823,34",,не рекомендуется,"СОУТ (Единая формула)
РМ всего: 511 (из ТЗ) × 213₽
База: 108,843₽
Материалы: 37,303₽
Доставка: 1,000₽
Командировочные:
  Выезд/бензин: 600,000₽
  Суточные+замерщик: 15,000₽
  Проживание: 5,000₽
Регионов: 1, Дней: 3

Себестоимость: 774,385₽
Маржа: 10.0%
Цена: 851,823₽
[WARN] Аномальное соотношение цены к НМЦК (239%). Требуется ручная проверка. | Мин. маржа 10.0% (было 9.9%). Себестоимость/НМЦК = 219.6% превышает лимит 90%. РИСК: цена завышена. | Нарушения лимитов: Маржа 9.9% < min_margin_percent=10.0%; cost_price/НМЦК = 219.6% превышает лимит 90%","Анализ тендера типа «sout»

Расчётная себестоимость: 774,385 ₽
Рекомендуемая цена: 851,823 ₽
Маржа: 10.0%

Определение типа: title_heuristic (heuristic)

Глобальные затраты:
  • Комиссия ЭТП: 3,526 ₽
  • Обеспечение контракта (БГ): 1,000 ₽
  • Нагрузка специалиста: 300 ₽
  • Срок < 5 дней: +50% к накладным

  • Базовая себестоимость: 767,146 ₽
  • Global costs: 7,239 ₽

[WARN] Нарушения глобальных лимитов:
  • Маржа 9.9% < min_margin_percent=10.0%
  • cost_price/НМЦК = 219.6% превышает лимит 90%

[WARN] Аномальное соотношение цены к НМЦК (239%). Требуется ручная проверка. | Мин. маржа 10.0% (было 9.9%). Себестоимость/НМЦК = 219.6% превышает лимит 90%. РИСК: цена завышена. | Нарушения лимитов: Маржа 9.9% < min_margin_percent=10.0%; cost_price/НМЦК = 219.6% превышает лимит 90%","Тип: sout | Себестоимость: 774,385 ₽ | Рекомендуемая цена: 851,823 ₽ | Маржа: 10.0% | Риск: [HIGH]",,,,
0329100013526000048,https://zakupki.gov.ru/epz/order/notice/ea20/view/common-info.html?regNumber=0329100013526000048,Оказание услуг исследования (испытания) и измерения вредных и (или) опасных производственных факторов производственной среды и трудового процесса для целей специальной оценки условий труда,44-ФЗ,РОСЭЛТОРГ (АО«ЕЭТП»),"2,034 ₽",Волгоградская обл,Не требуется,5.0%,"Исполнение контракта может обеспечиваться предоставлением независимой гарантии, соответствующей требованиям статьи 45 Федерального закона № 44-ФЗ, или внесением денежных средств на указанный заказчико",29.09.2026,"203 445,00",59,"59 262,87",,рекомендуется,"СОУТ (Единая формула)
РМ всего: 59 (из ТЗ) × 213₽
База: 12,567₽
Материалы: 4,307₽
Доставка: 1,000₽
Командировочные:
  Выезд/бензин: 12,000₽
  Суточные+замерщик: 15,000₽
  Проживание: 5,000₽
Регионов: 1, Дней: 3

Себестоимость: 53,875₽
Маржа: 10.0%
Цена: 59,263₽
[WARN] Мин. маржа 10.0% (было 9.3%). | Нарушения лимитов: Маржа 9.3% < min_margin_percent=10.0%","Анализ тендера типа «sout»

Расчётная себестоимость: 53,875 ₽
Рекомендуемая цена: 59,263 ₽
Маржа: 10.0%

Определение типа: title_heuristic (heuristic)

Глобальные затраты:
  • Комиссия ЭТП: 2,034 ₽
  • Обеспечение контракта (БГ): 1,000 ₽
  • Нагрузка специалиста: 300 ₽
  • Срок < 14 дней: +20% к накладным

  • Базовая себестоимость: 49,874 ₽
  • Global costs: 4,001 ₽

[WARN] Нарушения глобальных лимитов:
  • Маржа 9.3% < min_margin_percent=10.0%

[WARN] Мин. маржа 10.0% (было 9.3%). | Нарушения лимитов: Маржа 9.3% < min_margin_percent=10.0%","Тип: sout | Себестоимость: 53,875 ₽ | Рекомендуемая цена: 59,263 ₽ | Маржа: 10.0% | Риск: [LOW]",,,,
0860200000826007816,https://zakupki.gov.ru/epz/order/notice/ea20/view/common-info.html?regNumber=0860200000826007816,"Обучение в области пожарной безопасности по программе дополнительного профессионального образования (профессиональная переподготовка) ""Пожарная безопасность"" с присвоением квалификации ""Специалист по пожарной профилактике""",44-ФЗ,РОСЭЛТОРГ (АО«ЕЭТП»),"1,173 ₽",Саратовская обл,Не требуется,10.0%,"Требования к обеспечению исполне-ния контракта установлены Контрак-том и извещением об осуществлении закупки. Обеспечение исполнения контракта предоставляется в виде независимой гарантии, соответству-",29.09.2026,"117 333,28",16,"12 968,00",,осторожно,"Обучение | Дистант
Слушателей: 16 (из ТЗ)
Удостоверения ПК: 16 шт.
Трудозатраты: 3,693₽
Доставка: 300₽

Себестоимость: 9,199₽
Маржа: 41.0%
Цена: 12,968₽
[WARN] Аномальное соотношение цены к НМЦК (9%). Требуется ручная проверка.","Анализ тендера типа «education»

Расчётная себестоимость: 9,199 ₽
Рекомендуемая цена: 12,968 ₽
Маржа: 41.0%

Определение типа: ktru_override (ktru)

Глобальные затраты:
  • Комиссия ЭТП: 1,173 ₽
  • Обеспечение контракта (БГ): 1,000 ₽
  • Нагрузка специалиста: 300 ₽
  • Срок < 14 дней: +20% к накладным

  • Базовая себестоимость: 6,231 ₽
  • Global costs: 2,968 ₽

[WARN] Аномальное соотношение цены к НМЦК (9%). Требуется ручная проверка.","Тип: education | Себестоимость: 9,199 ₽ | Рекомендуемая цена: 12,968 ₽ | Маржа: 41.0% | Риск: [MED]",,,,
